B-Halls to B-Entrance;flash;-1047.9626;-775.03125;-153.96875;15.060053;-14.888062
T to Camera (JT);smoke;-1499.0312;1479.9672;-170.96875;-25.672392;-29.28863
B-Halls to B-Default;molotov;-1152.9685;-1297.2349;-100.96875;-10.992127;36.561985
Longdog to Camera;smoke;-629.96875;-398.32574;-207.48059;-13.767904;22.501215
B-Halls to B-Entrance \nSmoke Semi-Compatible;flash;-1152.9685;-1297.2349;-100.96875;-8.052686;33.560963
Connector to Cross;flash;214.03497;-369.0464;-216.51111;-4.211001;83.12619
B-Halls to B-Entrance (JT);flash;-1152.9688;-1096.9792;-100.96875;10.074527;13.39602
T to Connector (JT);smoke;-1499.0312;1479.9677;-170.96875;-30.970106;-45.823925
A2 to A-Backsite \nHE Compatible;molotov;1064.5853;-0.03125;-211.96875;-43.664486;-167.58372
T Instant to Cross (JT);smoke;-1916.0;1456.2332;-171.96875;-44.081696;-32.81931
Main to Cross;smoke;-698.3766;306.31403;-215.96875;-1.156644;31.491068
T Instant to A-Site (JT);smoke;-1925.0;1394.0;-171.96875;-35.068516;-36.31465
Connector to Window (JT);smoke;194.0455;-719.9338;-135.97546;-14.4979925;153.59981
Pigeons to Ivy;flash;859.5349;1488.4772;-209.96875;-21.938154;-178.87305
T Instant to Camera (JT);smoke;-2000.0;1434.2332;-171.96875;-27.297606;-25.254652
Long Hall to Upper;smoke;-967.2923;554.26746;16.03125;1.009033;-90.364265
Main to Gate \nHE Semi-Compatible;molotov;-873.9706;680.83105;-215.96875;-15.625095;-54.8999
T to Cross (JT);smoke;-1755.0298;1479.9382;-170.96875;-22.040169;-27.19893
A-Site to Main \nMolotov/Smoke Compatible (JT);flash;287.8383;-196.03156;-215.96875;8.782031;143.51588
Main to Camera;smoke;-705.1417;256.03125;-215.96875;-31.376081;-4.32733
Street to Red (JT);smoke;-427.96967;1777.9688;-209.96875;-4.40448;-89.93614
Popdog to A-Default \nHE Compatible;molotov;-478.96875;-424.14075;-214.96875;-9.195999;64.97707
Trash to Cross (JT);smoke;-679.90436;1552.2194;-209.84375;-15.875201;-68.50115
Street to A-Site (JT);smoke;-427.9657;1777.9688;-209.96875;-19.698792;-75.32753
Longdog to Headshot;molotov;-629.9425;-430.94067;-207.49365;-18.381973;28.912365
Stairs to Camera;smoke;-713.5518;-599.9708;-64.06427;-46.430634;26.468811
B-Halls to Connector (JT);smoke;-1040.9686;-1112.4767;-153.96875;4.636256;10.513034
Main to Heaven;molotov;-759.6478;571.9683;-215.96875;-19.1769;-26.306797
Popdog to Cross;smoke;-443.96875;-308.6631;-213.96753;-5.350599;54.21482
Ramp to Window;incendiary;-763.6028;-922.9675;-213.87872;-30.1533;143.86775
Ivy to Pigeons;flash;1071.5249;753.66656;-211.96875;-79.94915;91.44608
Walkway to Window;flash;-338.52954;-884.33044;-318.96875;-1.30394;-179.82181
Popdog to A-Site;smoke;-478.96875;-424.14075;-214.96875;-10.542593;67.85017
Barrels to B-Default (JT);molotov;944.0403;-802.03125;-318.96875;8.857286;-157.02376
Popdog to A-Entrance;flash;-384.19434;-336.0818;-214.96875;-48.945385;132.80115
T Instant to Camera (WJT);smoke;-1955.0;1326.0;-171.96875;-48.230576;-63.058105
A1 to Ivy (JT);flash;808.237;393.9757;-211.96875;6.098243;40.50439
A2 to A-Backsite;molotov;916.6586;-57.716797;-211.96875;-12.304001;113.84445
Walkway to B-Halls (JT);flash;135.03265;-960.909;-310.35828;-1.9002473;-177.23694
Street to Connector (JT);smoke;-427.9723;1777.9686;-209.96875;-8.68573;-69.792366
CT to Main (JT);smoke;1767.9688;-1099.9677;-319.25317;-51.306175;146.55902
Connector to Main;flash;361.9622;-452.76202;-209.96875;-2.893597;140.4272
T Instant to Camera (JT);smoke;-1916.0;1456.2332;-171.96875;-25.410015;-26.818266
T Instant to Cross (JT);smoke;-2000.0;1434.2332;-171.96875;-18.95669;-26.669067
Trash to Deep Connector (JT);smoke;-439.04108;1384.0538;-211.26599;-37.377888;-58.952034
A2 to Ivy;flash;878.8124;-235.643;-211.96875;-14.713731;80.76604
B-Halls to Blue Left Side (Walkway);smoke;-1146.9688;-770.0116;-98.26489;14.26457;-12.601899
Trash to Popdog;smoke;-362.05444;1384.0322;-160.9668;-35.968487;-92.75976
Trash to Red;smoke;-362.03125;1384.0312;-160.9668;-31.05879;-92.73778
T Instant to Camera (JT);smoke;-1925.0;1394.0;-171.96875;-33.541183;-25.611832
Trash to Cross;smoke;-835.2488;1285.0388;-207.96875;-38.72484;-44.64813
T Instant to Cross (JT);smoke;-2033.0;1362.2332;-171.96875;-34.2188;-22.096123
T to A-Site (JT);smoke;-1883.0312;1479.9663;-170.96875;-33.204655;-38.636467
A-Site to Main \nMolotov Compatible;he;320.96387;-136.44336;-141.96875;-6.036427;146.8637
B-Halls to Connector \nMolotov Compatible;smoke;-1146.9686;-1175.4907;-101.96875;-12.057831;12.01767
Stairs to A-Site;smoke;-627.9715;-400.61816;18.03125;-49.46457;14.932129
T Instant to A-Site (JT);smoke;-1916.0;1456.2332;-171.96875;-33.094875;-37.425953
T Instant to Cross (JT);smoke;-1925.0;1394.0;-171.96875;-45.625084;-31.402063
Trash to Camera (WJT);smoke;-927.13556;1491.2485;-209.61993;-9.57732;-52.04022
T to Connector (JT);smoke;-1627.0404;1479.9694;-170.96875;-29.25989;-44.858078
Olof to A-Default;molotov;-299.1007;689.97;-171.96875;-31.56955;-60.62874
Pigeons to Ivy;flash;1279.9508;1491.9266;-215.96875;-60.776463;0.429528
Main to Connector;smoke;-698.3766;306.31403;-215.96875;-27.721859;-28.36928
B-Halls to Sandwich;molotov;-1152.9702;-1014.63904;-100.64325;-8.371583;-5.920895
T Instant to Cross (JT);smoke;-1925.0;1394.0;-171.96875;-31.745064;-23.650023
Connector to Main;incendiary;444.3218;-632.8587;-215.96875;-17.930023;130.21924
Connector to Main \nHE Compatible;incendiary;361.9622;-452.76202;-209.96875;-16.049593;143.63922
A-Backsite to Ivy;flash;453.1513;-253.96735;-215.96875;-9.12063;52.044888
Street to Popdog (JT);smoke;-427.9693;1777.9684;-209.96875;-9.282099;-90.199585
T to Camera (JT);smoke;-1627.0505;1479.9373;-170.96875;-32.436356;-24.107828
B-Halls to Blue Left Side (Walkway);smoke;-1152.9702;-1014.63904;-100.64325;-6.2375865;-0.49667305
Street to Main (WJT);flash;-427.96704;1777.9688;-209.96875;-10.163532;-91.9115
CT Long to B-Default (JT);molotov;1061.9636;-1775.9727;-318.96875;5.566085;159.41621
Pigeons to Camera;smoke;919.93365;1681.1146;-215.96875;-8.276336;-76.24183
T Upper to CT Upper;molotov;-640.03125;-1682.0312;-152.73926;-19.843992;-8.486279
Trash to A-Entrance (JT);flash;-562.681;1581.6881;-210.09375;-9.257133;-84.87749
Connector to Main (WJT);smoke;351.71088;-567.4304;-215.48438;6.784179;119.819534
T Instant to Cross (JT);smoke;-1916.0;1456.2332;-171.96875;-24.587208;-24.774746
Longdog to Longdog Stairs;flash;-629.96875;-430.9671;-207.48059;-83.10286;111.290955
Main to A1 \nHE Compatible;molotov;-895.96857;522.2827;-215.96875;-10.952409;1.267343
Main to Cross;flash;-746.2055;442.20377;-215.96875;-17.825354;-11.17346
A1 to Main \nMolotov Compatible;he;854.9683;555.874;-211.96875;-12.729281;-179.20236
B-Halls to B-Site (JT);smoke;-1040.9686;-1112.4764;-153.96875;2.659832;24.12739
Cross to Popdog/Longdog \nAll Utilities Compatible;flash;147.18216;264.9374;-215.96875;-12.099982;-136.61693
Main to A-Entrance;flash;-873.9677;812.92755;-215.96875;-15.94585;-65.34215
B-Halls to Blue Right Side (Sandwich);smoke;-1152.9702;-1014.63904;-100.64325;-6.875579;-3.356674
Longdog to A-Entrance;flash;-629.96875;-430.9685;-207.48059;13.220824;26.644232
Upper to B-Default;molotov;-843.96875;-1798.9666;-152.96875;-1.984321;17.940302
